Fecha,Ocupacion,diez_dias,quince_dias,veinte_dias,treinta_dias,cienmil_10dias,cienmil_15dias,cienmil_20dias,cienmil_30dias,Estado
2020-05-01,10.0,9.0,15.0,1.4475705195406785,22.0,0.6856912987297951,1.142818831216325,0.11028738994964578,1.6761342857839434,1
2020-05-08,8.0,11.0,16.0,1.7523222078650318,29.0,0.8380671428919717,1.2190067532974134,0.13350578783378172,2.2094497403515616,1
2020-05-15,14.000000000000002,21.0,26.0,2.514201428675915,43.0,1.599946363702855,1.9808859741082967,0.19155178254412158,3.2760806494867984,1
2020-05-22,20.0,27.0,33.0,3.199892727405711,51.0,2.057073896189385,2.514201428675915,0.24379317778342754,3.885584026135505,1
2020-05-31,12.0,47.0,62.0,5.866470000243803,88.0,3.580832337811152,4.723651169027477,0.4469541592696171,6.704537143135774,1
2020-06-07,10.0,63.0,82.0,7.542604286027745,124.0,4.7998390911085655,6.247409610649243,0.5746553476323648,9.447302338054953,1
2020-06-14,19.0,75.0,106.0,9.752054026379309,159.0,5.714094156081625,8.075919740595364,0.7429887322923505,12.113879610893045,1
2020-06-21,20.0,85.0,119.0,11.123436623838899,201.0,6.475973376892509,9.066362727649512,0.8474715227709623,15.313772338298756,1
2020-06-28,24.0,73.0,121.0,11.96150376673087,224.0,5.561718311919448,9.218738571811688,0.9113221169523361,17.066094546163786,1
2020-07-04,26.0,81.0,112.0,12.190067532974135,235.0,6.1712216885681555,8.533047273081893,0.9287359153654381,17.90416168905576,1
2020-07-13,26.0,69.0,113.0,11.504376234244337,234.0,5.256966623595095,8.609235195162983,0.8764945201261319,17.827973766974672,1
2020-07-20,24.0,81.0,120.0,11.35200039008216,230.0,6.1712216885681555,9.1425506497306,0.864885321184064,17.523222078650317,1
2020-07-28,25.0,84.0,131.0,12.494819221298485,244.0,6.39978545481142,9.980617792622573,0.9519543132495738,18.589852987785555,1
2020-08-04,32.0,94.0,139.0,14.018577662920254,259.0,7.161664675622304,10.590121169271278,1.0680463026702538,19.73267181900188,1
2020-05-01,57.99999999999999,420.0,631.0,23.70492972061358,975.0,12.666756339259164,19.03029345255365,0.7149156400244644,29.404970073280204,2
2020-05-08,61.0,513.0,717.0,28.681155425322544,1247.0,15.471538100095122,21.623962607735287,0.8649933507166231,37.608202750133756,2
2020-05-15,54.0,507.0,773.0,29.70655950992924,1386.0,15.290584438105705,23.312863452969843,0.8959184547380377,41.80029591955524,2
2020-05-22,52.0,618.0,852.0,34.13992422866995,1556.0,18.638227184909912,25.695420002497162,1.0296240515365063,46.92731634258871,2
2020-05-31,51.0,348.0,706.0,28.892268030976854,1470.0,10.495312395386165,21.292214227421358,0.8713602838975023,44.333647187407074,2
2020-06-07,54.0,387.0,563.0,26.47955253778463,1382.0,11.671511198317372,16.97948528334026,0.7985953332588799,41.67966014489563,2
2020-06-14,51.0,412.0,619.0,23.252545565640037,1331.0,12.425484789939942,18.668386128574816,0.7012722117797227,40.14155401798559,2
2020-06-21,57.99999999999999,325.0,543.0,23.52397605862416,1105.0,9.8016566910934,16.376306410042204,0.7094582687265676,33.32563274971756,2
2020-06-28,52.0,376.0,578.0,23.04143295998572,1181.0,11.339762818003443,17.431869438313804,0.6949052785988432,35.617712468250176,2
2020-07-04,54.0,408.0,602.0,23.735088664278486,1199.0,12.30484901528033,18.155684086271467,0.7158252019074473,36.16057345421842,2
2020-07-13,43.0,372.0,593.0,24.00651915726261,1171.0,11.219127043343832,17.884253593287344,0.7240112588542922,35.316123031601144,2
2020-07-20,49.0,350.0,560.0,22.43825408668766,1175.0,10.55563028271597,16.889008452345553,0.6767140409391875,35.436758806260755,2
2020-07-28,39.0,281.0,473.0,18.517591410250294,1066.0,8.47466316983768,14.26518035349901,0.558470996151426,32.14943394678635,2
2020-08-04,43.0,232.0,358.0,15.80328648040904,918.0,6.996874930257444,10.796901832035193,0.4766104266829759,27.685910284380746,2
2020-05-01,6.0,26.0,32.0,5.898636151055646,58.0,3.651536664939209,4.494198972232873,0.828426391489061,8.145735637172082,3
2020-05-08,12.0,17.0,30.0,6.039079868937925,58.0,2.387543203998714,4.213311536468318,0.848150829381658,8.145735637172082,3
2020-05-15,9.0,19.0,23.0,4.494198972232876,57.0,2.668430639763268,3.230205511292377,0.6311820125630946,8.005291919289805,3
2020-05-22,8.0,15.0,28.0,4.494198972232876,59.0,2.106655768234159,3.9324241007037637,0.6311820125630946,8.28617935505436,3
2020-05-31,11.0,30.0,36.0,6.319967304702479,60.0,4.213311536468318,5.055973843761982,0.8875997051668513,8.426623072936636,3
2020-06-07,11.0,24.0,40.0,6.881742176231587,64.0,3.3706492291746546,5.617748715291091,0.9664974567372379,8.988397944465746,3
2020-06-14,8.0,37.0,49.0,9.269285380230297,84.0,5.196417561644259,6.881742176231587,1.301812900911381,11.797272302111292,3
2020-06-21,10.0,37.0,65.0,10.533278841170793,103.0,5.196417561644259,9.128841662348023,1.4793328419447513,14.465702941874559,3
2020-06-28,6.999999999999995,37.0,61.0,11.516384866346733,108.0,5.196417561644259,8.567066790818913,1.617403907192928,15.167921531285945,3
2020-07-04,19.0,39.0,63.0,12.078159737875843,123.0,5.4773049974088135,8.847954226583468,1.696301658763315,17.274577299520104,3
2020-07-13,31.0,91.0,116.0,18.81945819622515,177.0,12.780378327287233,16.291471274344165,2.6430746776079554,24.858538065163078,3
2020-07-20,33.0,114.0,164.0,26.122531526103568,229.0,16.01058383857961,23.032769732693474,3.6687454480229835,32.1616113950415,3
2020-07-28,47.0,138.0,190.0,33.42560485598198,306.0,19.381233067754263,26.68430639763268,4.69441621843801,42.97577767197684,3
2020-08-04,52.0,156.0,214.0,38.762466135508504,378.0,21.909219989635254,30.054955626807338,5.443944858356683,53.08772535950081,3
2020-05-01,33.0,34.0,45.0,6.3338189261176705,70.0,3.7780674296140484,5.000383362724476,0.7038116173481823,7.778374119793629,4
2020-05-08,39.0,54.0,67.0,9.000690052904059,108.0,6.000460035269371,7.445015228945331,1.0001533509684697,12.000920070538742,4
2020-05-15,13.0,55.0,81.0,11.111963028276612,125.0,6.111579665552137,9.000690052904057,1.2347572234178634,13.889953785345766,4
2020-05-22,14.000000000000002,58.0,89.0,13.334355633931937,154.0,6.444938556400436,9.889647095166186,1.4817086681014364,17.112423063545982,4
2020-05-31,18.0,70.0,102.0,14.33443230647683,186.0,7.778374119793629,11.334202288842144,1.5928368182090438,20.6682512325945,4
2020-06-07,18.0,73.0,112.0,15.890107130435558,200.0,8.111733010641927,12.445398591669806,1.765702829487545,22.223926056553225,4
2020-06-14,19.0,99.0,128.0,19.112576408635775,232.0,11.000843397993847,14.223312676194064,2.1237824242787253,25.779754225601742,4
2020-06-21,25.0,144.0,193.0,26.224232746732802,304.0,16.00122676071832,21.446088644573862,2.9140270472661576,33.780367605960905,4
2020-06-28,30.000000000000004,176.0,249.0,33.55812834539536,379.0,19.55705492976684,27.668787940408766,3.7289668147219466,42.11433987716836,4
2020-07-04,36.0,187.0,259.0,39.3363491200992,453.0,20.779370862877265,28.779984243236427,4.371040570899236,50.337192518093055,4
2020-07-13,35.0,157.0,255.0,38.55851170811986,504.0,17.44578195439428,28.335505722105363,4.2846075652599875,56.00429366251413,4
2020-07-20,37.0,168.0,247.0,38.114033186988806,505.0,18.66809788750471,27.446548679843232,4.235217276323274,56.115413292796894,4
2020-07-28,33.0,135.0,227.0,34.113726496809235,482.0,15.001150088173427,25.22415607418791,3.7907046758928447,53.55966179629327,4
2020-08-04,32.0,114.0,184.0,28.6688646129537,431.0,12.66763785223534,20.446011972028966,3.1856736364180924,47.8925606518722,4
2020-05-01,12.0,20.0,31.0,1.2859929981065445,60.0,0.6768384200560761,1.0490995510869179,0.0435204734520805,2.030515260168228,5
2020-05-08,8.0,22.0,30.0,1.4213606821177598,60.0,0.7445222620616837,1.015257630084114,0.048101575920720556,2.030515260168228,5
2020-05-15,14.000000000000002,26.0,36.0,1.4552026031205636,64.0,0.8798899460728988,1.218309156100937,0.04924685153788057,2.1658829441794434,5
2020-05-22,15.0,30.0,40.0,1.725937971142994,70.0,1.015257630084114,1.3536768401121522,0.058409056475160676,2.3689344701962662,5
2020-05-31,23.0,44.0,56.0,2.4366183122018743,92.0,1.4890445241233674,1.895147576157013,0.08245984443552096,3.11345673225795,5
2020-06-07,26.0,53.0,72.0,3.0796148112551474,114.0,1.7936218131486015,2.436618312201874,0.10422008116156124,3.8579789943196334,5
2020-06-14,40.0,66.0,84.0,3.5872436262972043,137.0,2.233566786185051,2.8427213642355196,0.12139921541896144,4.636343177384121,5
2020-06-21,39.0,72.0,104.0,4.365607809361692,171.0,2.436618312201874,3.5195597842915953,0.14774055461364174,5.78696849147945,5
2020-06-28,43.99999999999999,99.0,140.0,5.617758886465434,221.0,3.3503501792775765,4.7378689403925325,0.19011575244856227,7.479064541619641,5
2020-07-04,55.00000000000001,122.0,175.0,7.1744872525944094,278.0,4.128714362342064,5.922336175490665,0.2427984308379229,9.408054038779458,5
2020-07-13,51.0,112.0,177.0,7.986693356661702,317.0,3.790295152314026,5.990020017496273,0.27028504564976324,10.727888957888805,5
2020-07-20,63.0,195.0,245.0,10.084892458835537,418.0,6.599174595546741,8.291270645686932,0.341292133913684,14.14592297917199,5
2020-07-28,71.0,194.0,303.0,12.115407719003766,480.0,6.565332674543938,10.254102063849553,0.41000867094328486,16.244122081345825,5
2020-08-04,69.0,144.0,239.0,11.810830429978532,484.0,4.873236624403748,8.088219119670109,0.3997011903888448,16.37948976535704,5
2020-05-01,2.0,4.0,6.0,1.1248040380464965,8.0,0.5624020190232483,0.8436030285348723,0.15814801550071306,1.1248040380464965,6
2020-05-08,5.0,5.0,8.0,1.1248040380464965,12.0,0.7030025237790604,1.1248040380464965,0.15814801550071306,1.6872060570697447,6
2020-05-15,8.0,13.0,17.0,2.67140959036043,23.0,1.8278065618255568,2.390208580848805,0.3756015368141936,3.2338116093836775,6
2020-05-22,12.0,17.0,23.0,3.7962136284069268,31.0,2.390208580848805,3.2338116093836775,0.5337495523149067,4.358615647430174,6
2020-05-31,25.0,18.0,26.0,4.921017666453424,43.0,2.5308090856046173,3.6556131236511136,0.6918975678156198,6.045821704499919,6
2020-06-07,21.0,25.0,35.0,5.905221199744108,60.0,3.5150126188953017,4.921017666453422,0.8302770813787438,8.436030285348725,6
2020-06-14,28.999999999999996,30.0,44.0,7.31122624730223,69.0,4.218015142674362,6.186422209255731,1.0279621007546351,9.701434828151033,6
2020-06-21,36.0,52.0,65.0,11.248040380464968,99.0,7.311226247302227,9.139032809127784,1.581480155007131,13.919449970825395,6
2020-06-28,54.0,70.0,94.0,15.184854513627707,138.0,9.842035332906844,13.216447447046335,2.134998209259627,19.402869656302066,6
2020-07-04,49.0,57.0,86.0,16.309658551674204,146.0,8.014228771081287,12.091643408999838,2.29314622476034,20.52767369434856,6
2020-07-13,50.0,78.0,99.0,19.121668646790447,193.0,10.966839370953341,13.919449970825395,2.6885162635121227,27.13589741787173,6
2020-07-20,64.0,100.0,148.0,23.90208580848806,233.0,14.060050475581207,20.808874703860187,3.3606453293901537,32.75991760810421,6
2020-07-28,61.0,118.0,171.0,29.807307008232165,270.0,16.590859561185823,24.042686313243863,4.190922410768897,37.96213628406926,6
2020-08-04,54.0,112.0,175.0,32.47871659859259,323.0,15.747256532650951,24.605088332267112,4.56652394758309,45.4139630361273,6
2020-05-01,7.000000000000001,28.0,35.0,0.7665907486295274,49.0,0.5366135240406692,0.6707669050508365,0.014691534397109482,0.9390736670711711,7
2020-05-08,13.0,50.0,63.0,1.3990281162488876,83.0,0.9582384357869093,1.2073804290915058,0.026812050274724806,1.5906758034062694,7
2020-05-15,13.0,78.0,103.0,2.2231131710256293,134.0,1.4948519598275785,1.9739711777210331,0.042605449751617494,2.568079007908917,7
2020-05-22,31.0,121.0,154.0,3.468823137548612,211.0,2.3189370146043204,2.9513743822236806,0.06647919314692041,4.043766199020757,7
2020-05-31,51.0,174.0,240.0,5.5194533901325995,346.0,3.334669756538444,4.599544491777165,0.10577904765918832,6.631009975645412,7
2020-06-07,55.00000000000001,207.0,306.0,7.225117805833297,463.0,3.9671071241578044,5.864419227015885,0.1384677116927569,8.873287915386781,7
2020-06-14,34.0,224.0,329.0,8.087532398041514,556.0,4.292908192325354,6.305208907477863,0.15499568788950505,10.655611405950431,7
2020-06-21,36.0,198.0,296.0,8.010873323178561,597.0,3.7946242057161608,5.672771539858503,0.15352653444979408,11.441366923295696,7
2020-06-28,40.0,175.0,269.0,7.225117805833296,595.0,3.353834525254183,5.155322784533572,0.13846771169275687,11.40303738586422,7
2020-07-04,38.0,155.0,243.0,6.420197519772294,559.0,2.970539150939419,4.657038797924379,0.12304160057579194,10.713105712097645,7
2020-07-13,35.0,88.0,155.0,4.676203566640119,424.0,1.6864996469849605,2.970539150939419,0.08961835982236788,8.12586193547299,7
2020-07-20,34.0,78.0,114.0,3.411328831401399,344.0,1.4948519598275785,2.184783633594153,0.06537732806713724,6.592680438213936,7
2020-07-28,32.0,46.0,80.0,2.3189370146043213,235.0,0.8815793609239566,1.533181497259055,0.044441891551256205,4.503720648198474,7
2020-08-04,30.0,30.0,52.0,1.5906758034062698,166.0,0.5749430614721456,0.9965679732183856,0.030484933874002185,3.1813516068125387,7
2020-05-01,23.0,200.0,263.0,8.88495501569769,367.0,5.623389250441576,7.394756864330673,0.2498178026296568,10.318919274560294,8
2020-05-08,27.0,205.0,293.0,10.54385484457795,467.0,5.763973981702616,8.23826525189691,0.29646099995607994,13.130613899781082,8
2020-05-15,22.0,188.0,286.0,11.190544608378733,544.0,5.285985895415082,8.041446628131455,0.3146439412867196,15.295618761201089,8
2020-05-22,25.0,205.0,307.0,11.218661554630943,600.0,5.763973981702616,8.63190249942782,0.31543450395326916,16.87016775132473,8
2020-05-31,23.0,194.0,298.0,11.106193769622113,590.0,5.4546875729283295,8.378849983157949,0.31227225328707103,16.58899828880265,8
2020-06-07,27.0,171.0,273.0,10.571971790830165,580.0,4.807997809127548,7.6759263268527524,0.2972515626226297,16.307828826280574,8
2020-06-14,20.0,155.0,249.0,9.503527833246267,553.0,4.358126669092222,7.001119616799763,0.2672101812937469,15.548671277470959,8
2020-06-21,16.0,106.0,191.0,8.04144662813146,473.0,2.9803963027340354,5.370336734171706,0.22610092263317058,13.29931557729433,8
2020-06-28,18.999999999999993,104.0,153.0,6.495014584260026,405.0,2.92416241022962,4.301892776587806,0.1826199759729455,11.387363232144192,8
2020-07-04,21.0,123.0,167.0,6.241962067990157,377.0,3.4583843890215697,4.695530024118717,0.17550491197399962,10.600088737082372,8
2020-07-13,21.0,147.0,220.0,7.788394111861591,373.0,4.133191099074559,6.1857281754857345,0.2189858586342247,10.48762095207354,8
2020-07-20,20.0,131.0,221.0,7.900861896870423,391.0,3.683319959039233,6.2138451217379425,0.22214810930042292,10.993725984613283,8
2020-07-28,22.0,129.0,193.0,7.6759263268527596,413.0,3.627086066534817,5.426570626676122,0.21582360796802652,11.612298802161856,8
2020-08-04,23.0,69.0,147.0,5.876441766711456,368.0,1.9400692914023439,4.133191099074559,0.16522759730885556,10.347036220812502,8
2020-05-01,68.0,1501.0,2110.0,28.61418646963841,3021.0,16.829895725284974,23.65828113281232,0.32083529283669193,33.87282810532039,9
2020-05-08,74.0,1696.0,2438.0,34.523150525084894,3909.0,19.016324550355307,27.335966541135754,0.38708928943737236,43.82948860102529,9
2020-05-15,76.0,2099.0,2894.0,41.6206348649286,4950.0,23.534944122167328,32.44884625514638,0.4666695168533701,55.50165479024692,9
2020-05-22,72.0,2271.0,3274.0,46.453203191109715,5644.0,25.463486470434493,36.70957935015523,0.5208544742250845,63.283098916394664,9
2020-05-31,80.0,2198.0,3343.0,50.590599275473565,6270.0,24.64497721797227,37.48323878056473,0.5672448437614241,70.30209606764609,9
2020-06-07,82.0,2198.0,3377.0,49.615115645826805,6638.0,24.64497721797227,37.86446226801289,0.5563072769601733,74.42827969649677,9
2020-06-14,74.0,2009.0,3154.0,48.51629500553503,6482.0,22.52582312598102,35.36408468857349,0.5439867994139365,72.6791366364405,9
2020-06-21,67.0,1676.0,2754.0,43.47069002460349,6122.0,18.792075440091683,30.87910248330101,0.4874131780281562,68.64265265169527,9
2020-06-28,69.0,1425.0,2339.0,37.70748789082836,5555.0,15.977749106283204,26.225933445330817,0.4227935304897316,62.28519037572154,9
2020-07-04,55.00000000000001,1288.0,2029.0,33.144018496963625,4965.0,14.44164270097738,22.750072236244645,0.3716258329252593,55.66984162294463,9
2020-07-13,53.0,1137.0,1814.0,27.784464761663003,4153.0,12.748561918487018,20.339394300910687,0.311532075097697,46.5653277462415,9
2020-07-20,53.0,1172.0,1758.0,26.024109246093555,3745.0,13.14099786144836,19.71149679217254,0.2917941671919914,41.990645896863576,9
2020-07-28,52.0,1076.0,1675.0,25.093475438499524,3489.0,12.064602132182966,18.7808629845785,0.2813594770252809,39.12025728548919,9
2020-08-04,53.0,882.0,1435.0,22.167024549559237,3193.0,9.889385762625814,16.089873661415016,0.24854677662152835,35.80137045358756,9
2020-05-01,13.0,10.0,15.0,0.9687967658144676,17.0,0.5698804504790985,0.8548206757186477,0.05520983373250425,0.9687967658144675,10
2020-05-08,18.0,9.0,14.0,1.0827728559102874,21.0,0.5128924054311886,0.797832630670738,0.06170510828926946,1.196748946006107,10
2020-05-15,14.000000000000002,19.0,23.0,1.6526533063893856,38.0,1.0827728559102872,1.3107250361019265,0.09418148107309547,2.1655457118205743,10
2020-05-22,9.0,17.0,25.0,1.6526533063893858,39.0,0.9687967658144675,1.4247011261977462,0.09418148107309547,2.222533756868484,10
2020-05-31,15.0,34.0,38.0,2.9633783424913123,60.0,1.937593531628935,2.1655457118205743,0.16887713847589533,3.419282702874591,10
2020-06-07,14.000000000000002,41.0,59.0,3.76121097316205,84.0,2.336509846964304,3.362294657826681,0.21434406037325177,4.786995784024428,10
2020-06-14,21.0,51.0,70.0,5.128924054311887,104.0,2.9063902974434024,3.9891631533536898,0.29228735505443426,5.9267566849826245,10
2020-06-21,22.0,56.0,82.0,5.8697686399347155,138.0,3.191330522682952,4.673019693928608,0.3345066396734081,7.86435021661156,10
2020-06-28,21.999999999999996,49.0,83.0,6.097720820126355,151.0,2.7924142073475826,4.730007738976518,0.3474971887869385,8.605194802234388,10
2020-07-04,30.0,47.0,69.0,5.812780594886806,153.0,2.678438117251763,3.93217510830578,0.3312590023950255,8.719170892330208,10
2020-07-13,30.0,53.0,76.0,5.8697686399347155,159.0,3.020366387539222,4.331091423641149,0.3345066396734081,9.061099162617666,10
2020-07-20,30.0,46.0,80.0,6.097720820126355,155.0,2.621450072203853,4.559043603832788,0.3474971887869385,8.833146982426026,10
2020-07-28,30.0,47.0,80.0,5.812780594886806,156.0,2.678438117251763,4.559043603832788,0.3312590023950255,8.890135027473937,10
2020-08-04,33.0,49.0,67.0,4.957959919168157,147.0,2.7924142073475826,3.81819901820996,0.28254444321928646,8.377242622042749,10
2020-05-01,8.0,28.0,41.0,0.854163972491137,63.0,0.47833182459503654,0.7004144574427321,0.014591921838036792,1.0762466053388322,11
2020-05-08,9.0,38.0,54.0,1.1445797231381236,81.0,0.649164619093264,0.9224970902904277,0.0195531752629693,1.3837456354356414,11
2020-05-15,9.0,43.0,64.0,1.3495790765359972,100.0,0.7345810163423776,1.093329884788655,0.023055236504098145,1.7083279449822735,11
2020-05-22,15.0,62.0,84.0,1.810827621681211,135.0,1.0591633258890096,1.4349954737851096,0.030934874296638007,2.306242725726069,11
2020-05-31,21.0,102.0,139.0,2.7162414325218163,201.0,1.7424945038819188,2.37457584352536,0.04640231144495701,3.4337391694143697,11
2020-06-07,28.999999999999996,197.0,236.0,4.902901202099127,331.0,3.3654060516150786,4.031653950158165,0.0837576313503312,5.654565497891325,11
2020-06-14,44.0,285.0,383.0,7.362893442873601,515.0,4.868734643199479,6.542896029282107,0.12578236624387715,8.797888916658708,11
2020-06-21,52.0,333.0,479.0,10.096218154845237,707.0,5.688732056790971,8.18289085646509,0.17247651612559486,12.077878571024673,11
2020-06-28,54.0,358.0,543.0,11.889962497076628,911.0,6.115814043036539,9.276220741253745,0.20311955198547216,15.562867578788511,11
2020-07-04,56.99999999999999,414.0,585.0,13.205375014712978,1058.0,7.072477692226612,9.993718478146299,0.2255911116160488,18.07410965791245,11
2020-07-13,60.0,415.0,635.0,14.144955384453226,1178.0,7.089560971676435,10.847882450637437,0.24164222563788923,20.12410319189118,11
2020-07-20,60.0,448.0,661.0,14.640370488498084,1248.0,7.653309193520585,11.292047716332828,0.25010554030395055,21.319932753378772,11
2020-07-28,59.0,491.0,724.0,15.989949565034076,1359.0,8.387890209862963,12.36829432167166,0.2731607768080486,23.216176772309097,11
2020-08-04,57.99999999999999,416.0,665.0,15.135785592542936,1326.0,7.106644251126258,11.360380834132119,0.25856885497001175,22.652428550464947,11
2020-05-01,33.0,77.0,96.0,3.2264902776508104,134.0,2.1792960647290553,2.7170444443375237,0.09131789045416842,3.7925412035544603,12
2020-05-08,39.0,122.0,165.0,5.292576157199137,219.0,3.4529106480122698,4.669920138705119,0.14979338170990786,6.198257638644976,12
2020-05-15,55.00000000000001,166.0,230.0,7.868107870060748,327.0,4.698222685000301,6.509585647891984,0.2226874872478844,9.254932638524691,12
2020-05-22,71.0,270.0,358.0,12.02858217545258,516.0,7.641687499699286,10.132311573675349,0.3404395038861542,14.60411388831419,12
2020-05-31,68.0,281.0,451.0,15.085257175332297,686.0,7.953015508946294,12.764448379127325,0.4269511895795769,19.41554675849522,12
2020-06-07,65.0,293.0,446.0,17.179645601175803,811.0,8.292646064488483,12.622935647651413,0.48622771496210726,22.95336504539304,12
2020-06-14,55.00000000000001,305.0,474.0,17.377763425242087,915.0,8.632276620030675,13.415406943916524,0.49183495384964404,25.896829860092023,12
2020-06-21,56.00000000000001,307.0,478.0,17.91551180485056,919.0,8.68888171262104,13.528617129097254,0.5070546022586723,26.010040045272753,12
2020-06-28,53.0,300.0,482.0,17.773999073374647,944.0,8.490763888554762,13.641827314277984,0.5030494316247175,26.71760370265232,12
2020-07-04,40.0,262.0,404.0,16.585292128976974,891.0,7.415267129337825,11.434228703253746,0.46940599829949736,25.217568749007643,12
2020-07-13,36.0,219.0,343.0,13.811642592049084,825.0,6.198257638644976,9.70777337924761,0.39090465387398415,23.349600693525595,12
2020-07-20,36.0,194.0,336.0,12.000279629157403,735.0,5.490693981265412,9.509655555181332,0.33963846975936335,20.802371526959167,12
2020-07-28,39.0,182.0,282.0,10.924782869940463,625.0,5.151063425723223,7.981318055241476,0.3091991729413071,17.689091434489086,12
2020-08-04,33.0,138.0,228.0,9.25493263852469,564.0,3.9057513887351902,6.452980555301619,0.2619381594606409,15.962636110482952,12
2020-05-01,18.0,117.0,141.0,5.2827513968679245,162.0,4.093257704857928,4.932900310982631,0.18481763126562917,5.6675875913417455,13
2020-05-08,32.0,126.0,184.0,7.801679215242036,246.0,4.408123682154692,6.43725998028939,0.27294259451811465,8.606336712778207,13
2020-05-15,35.0,167.0,227.0,9.830815513376736,356.0,5.842513134284393,7.94161964959615,0.3439321482492835,12.45469865751643,13
2020-05-22,44.0,211.0,282.0,12.104847571631142,466.0,7.381857912179681,9.865800621965262,0.42348940674111063,16.30306060225465,13
2020-05-31,44.0,203.0,303.0,14.133983869765842,536.0,7.101977043471447,10.600487902324376,0.4944789604722795,18.7520182034517,13
2020-06-07,44.0,183.0,290.0,13.819117892469079,572.0,6.402274871700861,10.145681490673496,0.48346334006571884,20.011482112638756,13
2020-06-14,40.0,177.0,278.0,13.259356155052608,581.0,6.192364220169686,9.725860187611143,0.4638800148984998,20.32634808993552,13
2020-06-21,39.0,194.0,282.0,13.04944550352143,574.0,6.787111066174683,9.865800621965262,0.45653626796079255,20.081452329815814,13
2020-06-28,39.0,210.0,301.0,13.889088109646135,581.0,7.346872803591152,10.530517685147318,0.48591125571162114,20.32634808993552,13
2020-07-04,35.0,204.0,309.0,14.098998761177311,580.0,7.136962152059977,10.810398553855553,0.49325500264932826,20.291362981346992,13
2020-07-13,38.0,214.0,317.0,14.763715824359368,618.0,7.486813237945269,11.090279422563787,0.5165102012854008,21.620797107711105,13
2020-07-20,39.0,249.0,364.0,15.95320951636936,665.0,8.711292038543794,12.734579526224664,0.558124767265741,23.26509721137198,13
2020-07-28,41.0,284.0,401.0,18.08730114026965,718.0,9.93577083914232,14.029028544000248,0.6327861944657635,25.119307966564033,13
2020-08-04,40.0,275.0,415.0,18.996913963571416,779.0,9.620904861845556,14.518820064239657,0.6646090978624944,27.253399590464323,13
2020-05-01,5.0,22.0,33.0,0.5481316994759606,51.0,0.2804394741504915,0.4206592112257372,0.006987171162102438,0.6501096900761393,14
2020-05-08,6.0,38.0,48.0,0.7520876806763181,76.0,0.4843954553508489,0.6118679436010723,0.009587048803814974,0.9687909107016978,14
2020-05-15,9.0,69.0,91.0,1.3257138778023232,125.0,0.8795601689265414,1.159999643077033,0.016899204671131474,1.5934061031277924,14
2020-05-22,10.0,88.0,126.0,1.8865928261033056,175.0,1.121757896601966,1.6061533519528148,0.024048868185840937,2.2307685443789094,14
2020-05-31,16.0,150.0,204.0,3.021097971530294,294.0,1.9120873237533509,2.600438760304557,0.038510687567866915,3.7476911545565676,14
2020-06-07,24.0,203.0,288.0,4.334064600507595,418.0,2.587691511479535,3.671207661606434,0.05524739988639136,5.328350008859338,14
2020-06-14,31.0,295.0,408.0,6.360877163686147,597.0,3.76043840338159,5.200877520609114,0.08108368395090966,7.610107548538337,14
2020-06-21,25.0,324.0,491.0,7.610107548538338,772.0,4.130108619307238,6.258899173085969,0.09700793450639895,9.840876092917247,14
2020-06-28,24.0,308.0,497.0,8.400436975689722,891.0,3.9261526381068808,6.335382666036103,0.10708246036803502,11.357798703094904,14
2020-07-04,24.0,310.0,452.0,8.132744750364251,933.0,3.951647135756925,5.7617564689100975,0.1036701209632873,11.893183153745843,14
2020-07-13,25.0,275.0,421.0,7.546371304413224,918.0,3.5054934268811433,5.366591755334405,0.09619547274336378,11.701974421370508,14
2020-07-20,24.0,295.0,440.0,7.240437332612688,889.0,3.76043840338159,5.608789483009829,0.09229565628079496,11.33230420544486,14
2020-07-28,28.000000000000004,297.0,449.0,7.444393313813046,870.0,3.785932901031635,5.723514722435031,0.0948955339225075,11.090106477769435,14
2020-08-04,25.0,232.0,391.0,6.883514365512062,831.0,2.957361727405183,4.984174290583735,0.08774587040779804,10.592963773593564,14
2020-05-01,46.0,939.0,1312.0,9.47638465176572,1724.0,5.800733499353332,8.104965230193367,0.058540981791539055,10.650121994552869,15
2020-05-08,55.00000000000001,898.0,1366.0,11.039308587161239,2203.0,5.54745333590979,8.4385537381434,0.06819604593316837,13.609175611368894,15
2020-05-15,56.99999999999999,1155.0,1599.0,13.108792849443846,2866.0,7.135087531153459,9.877926374298166,0.0809804194013337,17.70490118119984,15
2020-05-22,59.0,1466.0,1989.0,14.813800778966232,3350.0,9.056310234347162,12.287176709492842,0.09151321664674751,20.69484262282605,15
2020-05-31,76.0,1611.0,2339.0,18.860105829100878,3969.0,9.952057153842619,14.449324446206012,0.1165095289501752,24.518755334327345,15
2020-06-07,75.0,1849.0,2757.0,21.331131813915928,4776.0,11.422317614807573,17.031546600337737,0.13177445249425318,29.50405025869171,15
2020-06-14,74.0,1781.0,2817.0,22.69637367052624,5128.0,11.002243197389015,17.402200498059997,0.14020832275235623,31.678553125328953,15
2020-06-21,68.0,1524.0,2495.0,21.522636327739086,5193.0,9.414609002145344,15.413024580283881,0.13295748406891916,32.080094847861396,15
2020-06-28,67.0,1341.0,2194.0,18.767442354670305,4967.0,8.28411461409246,13.553577526710555,0.11593709431727223,30.683965166440895,15
2020-07-04,56.99999999999999,1355.0,2024.0,17.599882576845197,4630.0,8.370600523560984,12.503391483164158,0.1087244179426954,28.602125774234214,15
2020-07-13,50.0,1245.0,1959.0,16.216108025348774,4153.0,7.691068377736846,12.101849760631712,0.10017606075801176,25.655427287342267,15
2020-07-20,46.0,1148.0,1859.0,15.363604060587582,3871.0,7.091844576419196,11.48409326442795,0.09490966213530487,23.913353968047655,15
2020-07-28,45.0,1124.0,1716.0,14.12809106818005,3675.0,6.943583017330293,10.600701474856569,0.08727720036326583,22.70255123548828,15
2020-08-04,45.0,854.0,1444.0,12.416905573695626,3303.0,5.275640477580134,8.920403805182334,0.07670624080899183,20.404497069610283,15
2020-05-01,10.0,66.0,92.0,2.4212171916890735,129.0,1.4396426545178276,2.006774609327881,0.05281344765162815,2.8138470065575723,16
2020-05-08,11.0,85.0,113.0,3.031974681484516,169.0,1.8540852368790204,2.4648427266744624,0.06613575877095777,3.6863577062653463,16
2020-05-15,14.000000000000002,92.0,133.0,3.817234311221513,221.0,2.006774609327881,2.9010980765283496,0.08326444449581015,4.820621615885453,16
2020-05-22,12.0,131.0,170.0,4.667932243436592,281.0,2.8574725415429607,3.7081704737580408,0.10182052069773355,6.129387665447115,16
2020-05-31,15.0,143.0,201.0,5.627694013115143,339.0,3.1192257514552932,4.384366266031566,0.12275558102810864,7.3945281800233875,16
2020-06-07,20.0,188.0,255.0,6.849208992706027,422.0,4.100800288626539,5.562255710637062,0.1494002032667679,9.204987881917019,16
2020-06-14,30.0,221.0,327.0,8.659668694599654,523.0,4.820621615885453,7.132774970111055,0.18889133979906633,11.408077398679149,16
2020-06-21,32.0,227.0,354.0,9.90299644168323,594.0,4.95149822084162,7.721719692413803,0.21601175886341586,12.956783890660448,16
2020-06-28,32.99999999999999,207.0,333.0,9.85937090669784,650.0,4.515242870987732,7.263651575067221,0.21506016521203516,14.178298870251332,16
2020-07-04,27.0,198.0,312.0,9.641243231770897,663.0,4.318927963553483,6.8055834577206396,0.21030219695513172,14.46186484765636,16
2020-07-13,24.0,174.0,292.0,8.288851647223847,625.0,3.795421543728818,6.369328107866752,0.1808027937623304,13.632979682933973,16
2020-07-20,30.0,188.0,276.0,8.070723972296904,589.0,4.100800288626539,6.020323827983643,0.17604482550542697,12.847720053196976,16
2020-07-28,36.0,216.0,307.0,8.61604315961426,599.0,4.711557778421981,6.696519620257168,0.18793974614768552,13.06584772812392,16
2020-08-04,41.0,253.0,363.0,9.946621976668618,639.0,5.518630175651673,7.918034599848052,0.21696335251479654,13.938358427831695,16
2020-05-01,34.0,180.0,219.0,12.34366226479414,251.0,9.454720032608279,11.503242706340073,0.648365949392778,13.184081823248212,17
2020-05-08,35.0,256.0,335.0,21.168067628561865,431.0,13.446712935265108,17.596284505132076,1.111878628107615,22.63880185585649,17
2020-05-15,36.0,257.0,388.0,25.422691643235588,591.0,13.499239157668487,20.380174292511178,1.3353579553451256,31.042997440397183,17
2020-05-22,36.0,197.0,319.0,24.687324529588277,649.0,10.347665813465728,16.755864946678006,1.2967318987855558,34.08951833979318,17
2020-05-31,56.00000000000001,160.0,247.0,19.277123622040204,631.0,8.404195584540693,12.973976933634694,1.012554482668721,33.144046336532355,17
2020-06-07,55.00000000000001,152.0,233.0,16.54576005706448,542.0,7.983985805313658,12.238609819987383,0.8690862725903191,28.469212542631595,17
2020-06-14,47.0,185.0,261.0,18.06902050676248,505.0,9.717351144625175,13.709344047282004,0.9490973897494279,26.52574231370656,17
2020-06-21,47.0,129.0,225.0,15.652814276207028,457.0,6.7758826900359335,11.818400040760348,0.8221832039108413,24.004483638344354,17
2020-06-28,46.0,101.0,158.0,13.131555600844822,419.0,5.305148462741312,8.299143139733934,0.6897510099923165,22.008487187015938,17
2020-07-04,24.0,95.0,141.0,10.295139591062338,381.0,4.989991128321036,7.406197358876486,0.5407647918339761,20.012490735687525,17
2020-07-13,25.0,72.0,119.0,9.454720032608268,277.0,3.7818880130433117,6.25062046600214,0.49662072719446776,14.549763605736073,17
2020-07-20,26.0,78.0,122.0,8.194090694927164,255.0,4.097045347463587,6.408199133212278,0.43040463023520525,13.394186712861728,17
2020-07-28,30.0,95.0,136.0,9.087036475784611,255.0,4.989991128321036,7.143566246859589,0.4773076989146828,13.394186712861728,17
2020-08-04,38.0,77.0,130.0,8.719352918960958,252.0,4.044519125060209,6.828408912439312,0.457994670634898,13.236608045651591,17
2020-05-01,18.0,14.0,18.0,1.9474196689386567,28.0,1.1853858854409212,1.5240675669954702,0.1648888420421368,2.3707717708818423,18
2020-05-08,18.0,17.0,26.0,2.5401126116591173,37.0,1.439397146606833,2.201430930104568,0.21507240266365668,3.1328055543795776,18
2020-05-15,28.000000000000004,29.0,42.0,4.148850599043225,60.0,2.4554421912704796,3.5561576563227635,0.3512849243506393,5.080225223318234,18
2020-05-22,28.000000000000004,32.0,50.0,5.1648956437068705,76.0,2.7094534524363914,4.233521019431861,0.43731388541610183,6.43495194953643,18
2020-05-31,42.0,64.0,75.0,7.535667414588712,116.0,5.418906904872783,6.350281529147792,0.6380481279021812,9.821768765081918,18
2020-06-07,43.0,61.0,94.0,10.160450446636466,150.0,5.164895643706871,7.9590195165318995,0.8602896106546264,12.700563058295584,18
2020-06-14,51.0,70.0,101.0,11.430506752466021,175.0,5.926929427204606,8.55171245925236,0.9678258119864546,14.817323568011515,18
2020-06-21,45.0,85.0,120.0,13.208585580627407,215.0,7.196985733034165,10.160450446636467,1.1183764938510146,18.204140383557004,18
2020-06-28,46.0,81.0,129.0,13.80127852334787,226.0,6.858304051479616,10.922484230134202,1.1685600544725345,19.135515007832012,18
2020-07-04,73.0,99.0,141.0,16.002709453452436,259.0,8.382371618475085,11.93852927479785,1.3549561367810368,21.92963888065704,18
2020-07-13,72.0,103.0,162.0,16.934084077727444,291.0,8.721053300029634,13.716608102959231,1.4338160177577108,24.639092333093433,18
2020-07-20,76.0,112.0,169.0,18.373481224334274,309.0,9.48308708352737,14.309301045679693,1.555690379267116,26.163159900088903,18
2020-07-28,75.0,118.0,176.0,19.643537530163826,338.0,9.991109605859194,14.901993988400152,1.663226580598944,28.618602091359385,18
2020-08-04,69.0,129.0,184.0,20.574912154438834,353.0,10.922484230134202,15.57935735150925,1.7420864615756178,29.88865839718894,18
2020-05-01,9.0,32.0,46.0,0.9766571136578859,59.0,0.6250605527410468,0.8985245445652548,0.019077182353171046,1.152455394116305,19
2020-05-08,12.0,45.0,60.0,1.523585097306302,87.0,0.878991402292097,1.1719885363894627,0.029760404470946834,1.699383377764721,19
2020-05-15,15.0,69.0,92.0,2.1291125077741913,134.0,1.3477868168478822,1.7970490891305095,0.04158825752991288,2.6174410646031334,19
2020-05-22,17.0,70.0,106.0,2.5393084955105034,159.0,1.3673199591210399,2.0705130809547176,0.049600674118244724,3.105769621432076,19
2020-05-31,20.0,87.0,114.0,2.9104381987005,204.0,1.699383377764721,2.226778219139979,0.05685000341244972,3.984761023724173,19
2020-06-07,20.0,112.0,152.0,3.848029027812071,261.0,2.1877119345936635,2.969037625519972,0.07516409847149393,5.098150133294163,19
2020-06-14,24.0,187.0,248.0,5.6646112592157385,361.0,3.6526976050804922,4.844219283743112,0.11064765764839207,7.051464360609934,19
2020-06-21,35.0,286.0,371.0,8.750847738374658,529.0,5.586478690123106,7.246795783341511,0.17093155388441258,10.33303226250043,19
2020-06-28,43.00000000000001,451.0,571.0,13.477868168478826,806.0,8.809447165194127,11.153424237973054,0.26326511647376044,15.743712672165115,19
2020-07-04,66.0,495.0,704.0,16.42737265172564,1028.0,9.668905425213067,13.75133216030303,0.320878207180337,20.080070256806128,19
2020-07-13,82.0,517.0,773.0,19.708940553616138,1344.0,10.098634555222537,15.09911897715091,0.38497753988699174,26.252543215123964,19
2020-07-20,79.0,552.0,801.0,20.158202825898766,1502.0,10.782294534783057,15.646046960799326,0.3937530437694504,29.338779694282884,19
2020-07-28,79.0,514.0,776.0,20.822329663186128,1549.0,10.040035128403064,15.157718403970383,0.40672552776960674,30.256837381121294,19
2020-08-04,73.0,395.0,670.0,17.911891464485628,1471.0,7.715591197897296,13.087205323015667,0.349875524357157,28.733252283814995,19
2020-05-01,8.0,52.0,68.0,1.8901738430686947,85.0,1.3105205311942951,1.7137576177156166,0.047636762093614386,2.142197022144521,20
2020-05-08,12.0,62.0,91.0,2.7470526519265026,128.0,1.562543710270121,2.2934109295900162,0.06923209424271956,3.2258966921705725,20
2020-05-15,18.0,108.0,138.0,4.133180136843544,203.0,2.7218503340189204,3.4779198712463986,0.10416571977803674,5.116070535239268,20
2020-05-22,27.0,113.0,163.0,5.065665899424101,251.0,2.8478619235568337,4.1079778189359635,0.12766652241088652,6.325781794803232,20
2020-05-31,28.999999999999996,151.0,199.0,6.6282096096942205,341.0,3.805550004044972,5.015261263608937,0.1670462457416077,8.593990406485666,20
2020-06-07,40.0,212.0,276.0,8.26636027368709,442.0,5.342891396407511,6.955839742492797,0.20833143955607353,11.139424515151509,20
2020-06-14,42.0,208.0,319.0,10.03052252721787,500.0,5.2420821247771805,8.039539412518849,0.2527924175101136,12.601158953791298,20
2020-06-21,46.0,206.0,312.0,10.484164249554357,576.0,5.191677488962015,7.863123187165771,0.26422524041258105,14.516535114767576,20
2020-06-28,36.0,213.0,321.0,10.68578279281502,639.0,5.368093714315093,8.089944048334013,0.2693064950359,16.10428114294528,20
2020-07-04,32.0,196.0,298.0,10.358152660016447,619.0,4.93965430988619,7.5102907364596145,0.26104945627300685,15.600234784793628,20
2020-07-13,40.0,176.0,269.0,9.425666897435889,590.0,4.4356079517345375,6.779423517139719,0.237548653640157,14.869367565473732,20
2020-07-20,39.0,153.0,265.0,8.871215903469073,560.0,3.8559546398601374,6.678614245509388,0.22357520342603016,14.113298028246255,20
2020-07-28,39.0,179.0,255.0,7.9387301408885165,524.0,4.511214905457285,6.426591066433563,0.20007440079318037,13.206014583573282,20
2020-08-04,37.0,139.0,228.0,7.9387301408885165,493.0,3.503122189153981,5.746128482928833,0.20007440079318037,12.42474272843822,20
2020-05-01,12.0,190.0,243.0,4.587540402371061,338.0,3.0799741217332213,3.939124797795646,0.07436581958793935,5.4791118586622565,21
2020-05-08,24.0,250.0,335.0,6.467945655639764,481.0,4.052597528596343,5.430480688319101,0.10484792231656466,7.797197645019365,21
2020-05-15,28.999999999999996,314.0,436.0,8.753610661768102,665.0,5.0900624959170075,7.067730089872023,0.14189944373670405,10.779909426066274,21
2020-05-22,41.0,453.0,586.0,11.493166591099229,915.0,7.343306721816575,9.499288607029829,0.1863087140913392,14.832506954662618,21
2020-05-31,48.0,477.0,709.0,14.702823833747535,1166.0,7.7323560845618236,11.49316659109923,0.23833851012813073,18.901314873373348,21
2020-06-07,47.0,453.0,709.0,15.480922559238037,1319.0,7.343306721816575,11.49316659109923,0.2509517940158378,21.38150456087431,21
2020-06-14,51.0,576.0,807.0,16.988488839875874,1521.0,9.337184705885976,13.081784822308997,0.27539003154827013,24.656003363980155,21
2020-06-21,56.00000000000001,673.0,961.0,19.54973047794876,1687.0,10.909592546981356,15.578184899924345,0.316908757678639,27.346928122968126,21
2020-06-28,55.00000000000001,661.0,1039.0,21.6084500224757,1821.0,10.715067865608733,16.842595328846404,0.3502814046315305,29.519120398295765,21
2020-07-04,62.0,643.0,999.0,22.40275913808058,1958.0,10.423280843549795,16.194179724270988,0.363157465266898,31.739943843966564,21
2020-07-13,65.0,702.0,1059.0,22.143392896250415,2098.0,11.379693860298532,17.166803131134113,0.35895303730432904,34.00939845998052,21
2020-07-20,67.0,831.0,1231.0,25.353050138898727,2249.0,13.470834185054246,19.954990230808395,0.4109828333411207,36.45716736725271,21
2020-07-28,65.0,830.0,1290.0,26.747143688735868,2349.0,13.454623794939861,20.911403247557132,0.4335816336399291,38.07820637869124,21
2020-08-04,61.0,662.0,1069.0,24.834317655238394,2300.0,10.731278255723117,17.328907032277964,0.4025739774159826,37.28389726308636,21
2020-05-01,5.0,33.0,40.0,2.305761656851644,57.0,1.6189390356617928,1.9623503462567184,0.11311780464270722,2.7963492434158237,22
2020-05-08,7.000000000000001,48.0,63.0,3.679406899231347,87.0,2.3548204155080623,3.0907017953543314,0.1805071350681498,4.268112003108363,22
2020-05-15,13.0,83.0,110.0,6.181403590708662,146.0,4.071876968482691,5.396463452205976,0.3032519869144916,7.162578763837023,22
2020-05-22,23.0,127.0,162.0,8.879635316811651,223.0,6.230462349365081,7.94751890233971,0.43562388596446827,10.940103180381206,22
2020-05-31,26.0,113.0,179.0,11.479749525601806,296.0,5.54363972817523,8.781517799498815,0.5631822614126276,14.521392562299717,22
2020-06-07,24.0,152.0,197.0,12.706218492012255,364.0,7.45693131577553,9.664575455314338,0.6233513064353442,17.85738815093614,22
2020-06-14,28.000000000000004,149.0,221.0,13.834569941109866,397.0,7.3097550398062765,10.84198566306837,0.6787068278562434,19.47632718659793,22
2020-06-21,22.0,132.0,210.0,14.276098769017626,402.0,6.475756142647171,10.302339317847773,0.7003676840644213,19.721620979880022,22
2020-06-28,20.999999999999996,120.0,196.0,12.902453526637924,419.0,5.887051038770156,9.61551669665792,0.6329783536389787,20.555619877039128,22
2020-07-04,17.0,146.0,213.0,13.981746217079118,434.0,7.162578763837023,10.449515593817026,0.6859271132589693,21.291501256885397,22
2020-07-13,19.0,171.0,264.0,15.649744011397331,460.0,8.389047730247471,12.951512285294342,0.767757014489864,22.567028981952262,22
2020-07-20,23.0,181.0,268.0,16.876212977807782,488.0,8.879635316811651,13.147747319920015,0.8279260595125807,23.940674224331964,22
2020-07-28,26.0,203.0,290.0,18.789504565408084,554.0,9.958928007252846,14.22704001036121,0.9217897697480186,27.17855229565555,22
2020-08-04,25.0,193.0,300.0,19.181974634659426,568.0,9.468340420688667,14.71762759692539,0.9410438641552878,27.865374916845404,22
2020-05-01,40.0,137.0,211.0,17.1155103818557,324.0,9.123832382545643,14.052033815453509,1.1398470647136583,21.57753059813714,23
2020-05-08,42.0,112.0,190.0,16.915718431872946,360.0,7.458899466022715,12.653490165574249,1.1265414569543546,23.975033997930158,23
2020-05-15,34.0,90.0,149.0,14.451617715419017,366.0,5.9937584994825395,9.923000182476649,0.9624389612562797,24.37461789789566,23
2020-05-22,35.0,90.0,132.0,12.720087482235174,329.0,5.9937584994825395,8.790845799241058,0.8471236940089836,21.910517181441726,23
2020-05-31,31.0,82.0,134.0,11.32154383235591,279.0,5.460979966195202,8.924040432562892,0.7539844396938595,18.58065134839587,23
2020-06-07,30.0,79.0,127.0,11.987516998965079,261.0,5.261188016212451,8.457859215936471,0.798336465558204,17.381899648499363,23
2020-06-14,19.0,93.0,138.0,11.987516998965077,277.0,6.193550449465291,9.19042969920656,0.7983364655582039,18.447456715074036,23
2020-06-21,21.0,129.0,173.0,14.718006982062679,302.0,8.591053849258307,11.521335782338658,0.9801797716020171,20.112389631596965,23
2020-06-28,25.0,165.0,225.0,18.514054031734954,357.0,10.988557249051322,14.984396248706348,1.2329863190287818,23.775242047947405,23
2020-07-04,33.0,202.0,268.0,22.44329571472906,430.0,13.452657965505255,17.848080865125784,1.4946632716284152,28.636846164194353,23
2020-07-13,41.0,229.0,327.0,28.17066494756794,552.0,15.250785515350016,21.777322548119894,1.8760906940617796,36.76171879682624,23
2020-07-20,43.0,258.0,374.0,31.96671199724021,647.0,17.182107698516614,24.907396431182995,2.128897241488544,43.088463879613364,23
2020-07-28,45.0,230.0,367.0,31.96671199724021,694.0,15.317382832010933,24.441215214556575,2.128897241488544,46.21853776267647,23
2020-08-04,40.0,169.0,295.0,28.0374703142461,669.0,11.254946515694991,19.646208414970545,1.8672202888889105,44.55360484615354,23
2020-05-01,5.0,22.0,23.0,0.8830606883458064,29.0,0.8094722976503227,0.8462664929980647,0.032491507470907066,1.0670316650845162,24
2020-05-08,5.0,29.0,44.0,1.6189445953006452,47.0,1.0670316650845162,1.6189445953006454,0.05956776369666296,1.7293271813438713,24
2020-05-15,8.0,32.0,45.0,2.2444459162122583,66.0,1.1774142511277421,1.6557387906483874,0.08258258148855548,2.428416892950968,24
2020-05-22,10.0,49.0,60.0,2.796358846428387,101.0,1.802915572039355,2.2076517208645163,0.10288977365787239,3.716213730121936,24
2020-05-31,11.0,51.0,75.0,3.5322427533832252,125.0,1.876503962734839,2.7595646510806455,0.12996602988362826,4.5992744184677425,24
2020-06-07,9.0,82.0,107.0,4.783245395206451,166.0,3.0171240185148394,3.936978902208388,0.17599566546741324,6.107836427725163,24
2020-06-14,13.0,74.0,119.0,5.519129302161289,197.0,2.7227704557329035,4.378509246381291,0.20307192169316915,7.248456483505162,24
2020-06-21,15.0,81.0,119.0,6.071042232377419,223.0,2.9803298231670974,4.378509246381291,0.22337911386248607,8.205105562546454,24
2020-06-28,17.000000000000004,125.0,169.0,7.542810046287096,286.0,4.5992744184677425,6.218219013768388,0.27753162631399786,10.523139869454194,24
2020-07-04,22.0,147.0,219.0,9.566490790412905,334.0,5.408746716118065,8.057928781155486,0.35199133093482665,12.289261246145808,24
2020-07-13,28.000000000000004,209.0,287.0,13.025145153100649,456.0,7.689986827678066,10.559934064801936,0.4792497351958794,16.778153078570327,24
2020-07-20,36.0,275.0,381.0,17.1093008367,597.0,10.118403720629034,14.01858842748968,0.6295229572488245,21.96613462260194,24
2020-07-28,40.0,316.0,454.0,20.715131980778715,741.0,11.626965729886454,16.704564687874843,0.7621966127550285,27.26449875267678,24
2020-08-04,42.0,276.0,444.0,21.74536945051549,825.0,10.155197915976776,16.336622734397423,0.8001033714710868,30.3552111618871,24
2020-05-01,26.0,212.0,281.0,11.765415813055979,451.0,7.1469001500511915,9.47301387813389,0.39663326433841717,15.20401871543909,25
2020-05-08,39.0,176.0,278.0,12.439651676268355,492.0,5.933275596268913,9.371878498652034,0.41936296430050407,16.586202235024462,25
2020-05-15,40.0,215.0,301.0,13.619564436890013,568.0,7.248035529533048,10.147249741346267,0.45913993923415614,19.148298515231495,25
2020-05-22,52.0,309.0,404.0,16.38393147606076,697.0,10.416944086631217,13.619564436890006,0.5523317090787127,23.497119832951324,25
2020-05-31,41.0,394.0,553.0,23.429696246630098,862.0,13.282446505283819,18.64262161782221,0.7898570736825211,29.05956570445343,25
2020-06-07,38.0,438.0,653.0,27.104281701137552,1067.0,14.765765404351047,22.013800933884095,0.913733938475895,35.97048330238029,25
2020-06-14,35.0,422.0,644.0,29.66637798134459,1199.0,14.226376713781145,21.710394795438525,1.0001067983318255,40.42043999958197,25
2020-06-21,41.0,391.0,611.0,28.0819237027955,1258.0,13.181311125801962,20.597905621138104,0.9466920034209211,42.40943579605848,25
2020-06-28,41.0,409.0,622.0,27.306552460101265,1270.0,13.7881234026931,20.96873534590491,0.920552848464521,42.81397731398591,25
2020-07-04,46.0,385.0,609.0,27.677382184868073,1243.0,12.979040366838248,20.530482034816867,0.9330541834436689,41.9037588986492,25
2020-07-13,47.0,389.0,587.0,26.733451976370745,1209.0,13.113887539480723,19.788822585283253,0.9012326034967472,40.75755793118816,25
2020-07-20,45.0,375.0,556.0,25.2164212841429,1179.0,12.641922435232061,18.743756997304068,0.8500907785820516,39.7462041363696,25
2020-07-28,44.0,286.0,479.0,23.05886652186329,1066.0,9.641572843936984,16.14794892393642,0.7773557387033734,35.93677150921967,25
2020-08-04,40.0,207.0,339.0,16.552490441863846,895.0,6.978341184248097,11.428297881449783,0.5580141340692341,30.17205487875385,25
2020-05-01,6.0,43.0,55.0,2.4207723316247605,92.0,1.5085972501429659,1.9296011339037937,0.08492954610956488,3.2276964421663457,26
2020-05-08,9.0,76.0,91.0,3.753951296867382,134.0,2.6663579304852423,3.192612785186277,0.13170233961918032,4.701210035329242,26
2020-05-15,15.0,111.0,156.0,6.20980728547221,204.0,3.8942859247876562,5.4730504888907605,0.21786274871584027,7.157066023934071,26
2020-05-22,28.000000000000004,198.0,249.0,10.244427838180144,335.0,6.946564082053657,8.735830588037174,0.3594119922317817,11.753025088323106,26
2020-05-31,40.0,293.0,404.0,16.524402437612487,560.0,10.27951149516021,14.173797419947865,0.5797364669218121,19.646847908838627,26
2020-06-07,43.0,409.0,554.0,23.82180308946684,823.0,14.349215704848211,19.43634596695821,0.835755968237602,28.873849694596768,26
2020-06-14,56.00000000000001,506.0,718.0,30.452614258699874,1100.0,17.752330431914903,25.190065711689524,1.0683890727985839,38.59202267807587,26
2020-06-21,60.0,571.0,819.0,36.76767251511229,1364.0,20.032768135619385,28.73351506667649,1.2899444104757094,47.85410812081408,26
2020-06-28,60.0,633.0,919.0,41.60921717836181,1608.0,22.207954868383663,32.24188076468339,1.4598035026948393,56.41452042395091,26
2020-07-04,60.0,632.0,949.0,43.608985626225746,1749.0,22.172871211403592,33.29439047408546,1.5299626929592625,61.36131605814064,26
2020-07-13,56.99999999999999,515.0,853.0,41.22329695158106,1772.0,18.068083344735523,29.926359403998834,1.4462640098367932,62.168240168682225,26
2020-07-20,59.0,456.0,733.0,34.94332235214871,1671.0,15.998147582911452,25.716320566390557,1.2259395351467623,58.624790813695256,26
2020-07-28,52.0,343.0,558.0,28.69843140969643,1411.0,12.033694344163658,19.57668059487849,1.006845923443827,49.50303999887733,26
2020-08-04,42.0,209.0,383.0,21.085277845021466,1116.0,7.332484308834416,13.437040623366418,0.7397486552441811,39.15336118975698,26
2020-05-01,30.0,166.0,226.0,11.522699718445338,313.0,6.930319395876544,9.435254117277704,0.48106017681688507,13.067409463309387,27
2020-05-08,37.0,217.0,295.0,14.65386812019679,443.0,9.05951390906753,12.315929046889039,0.6117830509519082,18.494768026345234,27
2020-05-15,41.0,280.0,377.0,19.204499530742233,592.0,11.689695366538748,15.739339832803958,0.8017669613614752,24.715355917824784,27
2020-05-22,40.0,292.0,412.0,21.834680988213446,696.0,12.19068231081898,17.2005517536213,0.9115741756348944,29.05724276825346,27
2020-05-31,55.00000000000001,275.0,411.0,23.50463746914755,792.0,11.480950806421985,17.15880284159795,0.9812930418402399,33.065138322495315,27
2020-06-07,48.0,236.0,395.0,22.08517446035356,810.0,9.85274323751123,16.490820249224306,0.9220320055656961,33.816618738915665,27
2020-06-14,48.0,264.0,386.0,22.54441249261044,805.0,11.021712774165106,16.11508004101413,0.9412046937721662,33.6078741787989,27
2020-06-21,51.0,309.0,441.0,23.71338202926432,846.0,12.900413815215977,18.411270202298528,0.9900079001159083,35.319579571756364,27
2020-06-28,51.0,338.0,504.0,27.47078411136606,898.0,14.111132263893204,21.04145165976975,1.1468753490779362,37.490522996970704,27
2020-07-04,77.0,461.0,627.0,33.85836765093902,1075.0,19.246248442765584,26.176567838642125,1.4135500123133833,44.880080425104126,27
2020-07-13,80.0,480.0,760.0,39.57796859813835,1264.0,20.039477771209285,31.72917313774803,1.6523371290666926,52.770624797517776,27
2020-07-20,76.0,472.0,742.0,41.581916375259276,1379.0,19.70548647502246,30.977692721327685,1.7359997685131074,57.57174968020334,27
2020-07-28,75.0,438.0,685.0,39.49447077409163,1445.0,18.28602346622847,28.598004735996582,1.648851185756425,60.32717787374461,27
2020-08-04,63.0,319.0,555.0,32.48065355416839,1297.0,13.317902935449503,23.170646172960733,1.3560319476939735,54.148338894288415,27
2020-05-01,12.0,29.0,41.0,1.4237158518847384,55.0,0.8426073409113757,1.1912724474953933,0.04136666993689563,1.598048405176747,28
2020-05-08,11.0,46.0,61.0,2.0919906395041052,88.0,1.336549575238734,1.7723809584687558,0.06078367827462215,2.5568774482827954,28
2020-05-15,13.0,47.0,68.0,2.32443404389345,107.0,1.365605000787402,1.9757689373094327,0.06753742030513571,3.1089305337074897,28
2020-05-22,13.0,56.0,81.0,3.1089305337074897,135.0,1.627103830725415,2.3534894694421182,0.09033129965811904,3.922482449070197,28
2020-05-31,12.0,76.0,109.0,3.777205321326857,178.0,2.208212341698778,3.167041384804826,0.10974830799584556,5.171865747662927,28
2020-06-07,13.0,83.0,118.0,4.590757236689565,203.0,2.4116003205394545,3.428540214742839,0.13338640510264307,5.89825138637963,28
2020-06-14,16.0,131.0,168.0,5.927306811928299,278.0,3.8062607468755245,4.881311492176246,0.17222042177809613,8.07740830252974,28
2020-06-21,27.0,195.0,244.0,8.367962558016423,367.0,5.665807981990285,7.089523833875023,0.24313471309848866,10.663341176361202,28
2020-06-28,32.99999999999999,211.0,308.0,10.721452027458541,461.0,6.130694790768975,8.949071068989783,0.3115163511574386,13.394551177936007,28
2020-07-04,42.0,229.0,335.0,12.4938329859273,561.0,6.653692450645001,9.733567558803824,0.3630136341401047,16.300093732802818,28
2020-07-13,46.0,233.0,358.0,13.394551177936009,666.0,6.769914152839673,10.401842346423189,0.3891843845083447,19.350913415412972,28
2020-07-20,62.0,258.0,380.0,14.760156178723406,717.0,7.4962997915563765,11.041061708493888,0.4288626189376118,20.832740118395048,28
2020-07-28,57.99999999999999,272.0,399.0,14.934488732015419,757.0,7.903075749237731,11.593114793918582,0.4339279254604971,21.99495714034177,28
2020-08-04,52.0,118.0,256.0,11.709336496113256,636.0,3.428540214742839,7.438188940459041,0.34021975478712124,18.47925064895293,28
2020-05-01,18.0,63.0,81.0,7.2278914904933576,102.0,4.9495343902291475,6.363687073151762,0.5678523412863727,8.01353186989481,29
2020-05-08,17.0,69.0,107.0,10.134760894278726,148.0,5.420918617870019,8.406352059595536,0.7962277394124138,11.62747761514149,29
2020-05-15,27.0,98.0,130.0,13.12019433600424,213.0,7.6992757181342295,10.213324932218876,1.0307754455959153,16.734140081250928,29
2020-05-22,28.000000000000004,98.0,150.0,14.612911056866997,255.0,7.6992757181342295,11.78460569102178,1.148049298687666,20.033829674737028,29
2020-05-31,46.0,116.0,164.0,16.96983219507135,298.0,9.113428401056844,12.884502222183812,1.3332185404114831,23.41208330616327,29
2020-06-07,43.0,155.0,205.0,20.190957750617304,357.0,12.177425880722506,16.105627777729765,1.5862831707673668,28.047361544631837,29
2020-06-14,66.0,127.0,208.0,21.369418319719475,367.0,9.97763281839844,16.341319891550203,1.6788677916292747,28.83300192403329,29
2020-06-21,59.0,128.0,200.0,22.23362273706107,403.0,10.056196856338586,15.71280758802904,1.7467631802613408,31.661307289878515,29
2020-06-28,53.0,160.0,247.0,23.962031571744262,462.0,12.570246070423233,19.405317371215865,1.8825539575254733,36.29658552834708,29
2020-07-04,46.0,198.0,286.0,29.22582211373399,499.0,15.55567951214875,22.469314850881528,2.2960985973753316,39.20345493213245,29
2020-07-13,48.0,197.0,321.0,31.739871327818634,568.0,15.477115474208604,25.21905617878661,2.49361245521407,44.624373550002474,29
2020-07-20,47.0,239.0,347.0,34.8038688074843,652.0,18.776805067694703,27.261721165230384,2.734332469455033,51.223752736974674,29
2020-07-28,37.0,188.0,313.0,32.44694766927995,634.0,14.770039132747298,24.590543875265446,2.5491632277312157,49.809600054052055,29
2020-08-04,27.0,167.0,233.0,28.283053658452253,580.0,13.120194336004248,18.30542084005383,2.222030900685805,45.56714200528422,29
2020-05-01,21.0,191.0,240.0,3.328195175226395,293.0,2.3543899202527454,2.9583957113123502,0.041025493053334264,3.6117080975604945,30
2020-05-08,35.0,266.0,372.0,5.201845792390885,483.0,3.278888580037855,4.585513352534143,0.06412132617965578,5.953771369016105,30
2020-05-15,41.0,403.0,524.0,7.7041554982092455,750.0,4.9676394652453215,6.459163969698632,0.0949664191049404,9.244986597851094,30
2020-05-22,44.0,468.0,648.0,9.713399252142217,995.0,5.768871637059084,7.987668420543346,0.11973366120750886,12.26501555314912,30
2020-05-31,40.0,463.0,678.0,11.352843542161143,1233.0,5.707238393073409,8.357467884457389,0.13994251519304016,15.1987579668672,30
2020-06-07,46.0,457.0,699.0,11.278883649378331,1348.0,5.633278500290601,8.61632750919722,0.1390308375696327,16.6163225785377,30
2020-06-14,44.0,492.0,737.0,12.092442469989228,1423.0,6.064711208190318,9.084740163488343,0.1490592914271144,17.54082123832281,30
2020-06-21,49.0,575.0,815.0,12.770408153831642,1510.0,7.087823058352506,10.046218769664856,0.15741633630834917,18.613239683673537,30
2020-06-28,51.0,561.0,864.0,13.990746384747984,1592.0,6.915249975192619,10.65022456072446,0.1724590170945717,19.62402488503859,30
2020-07-04,56.99999999999999,646.0,916.0,14.989204937315906,1708.0,7.963015122949076,11.29121029817547,0.184766665010572,21.053916145506225,30
2020-07-13,64.0,657.0,1014.0,16.06162338266663,1878.0,8.098608259717558,12.49922188029468,0.1979859905499797,23.14944644101914,30
2020-07-20,62.0,748.0,1091.0,17.67641437509129,2020.0,9.220333300256826,13.44837383767406,0.21789095199437522,24.89983057021228,30
2020-07-28,67.0,664.0,1074.0,17.44220804794573,2088.0,8.184894801297503,13.238820808122767,0.21500397285358505,25.738042688417448,30
2020-08-04,61.0,561.0,888.0,15.617864025969782,1979.0,6.915249975192619,10.946064131855696,0.19251592480953517,24.394437969529754,30
2020-05-01,17.0,46.0,64.0,3.8146554293275465,93.0,2.19342687186334,3.051724343462038,0.18189495055622665,4.434536936593274,31
2020-05-08,20.0,62.0,77.0,4.816002479526029,128.0,2.9563579577288492,3.6716058507277647,0.2296423750772362,6.103448686924076,31
2020-05-15,25.0,66.0,99.0,5.817349529724509,158.0,3.147090729195227,4.72063609379284,0.27738979959824567,7.533944472921906,31
2020-05-22,28.000000000000004,74.0,107.0,6.818696579922989,187.0,3.5285562721279815,5.102101636725595,0.3251372241192551,8.916757066053142,31
2020-05-31,27.0,70.0,113.0,6.9617461585227725,208.0,3.337823500661604,5.388200793925161,0.33195828476511363,9.918104116251623,31
2020-06-07,25.0,72.0,118.0,7.15247892998915,222.0,3.4331898863947927,5.626616758258133,0.341053032292925,10.585668816383944,31
2020-06-14,32.0,110.0,141.0,8.869073873186547,258.0,5.245151215325378,6.723330194189803,0.42290576004322705,12.30226375958134,31
2020-06-21,28.000000000000004,145.0,211.0,11.873115023781992,322.0,6.91406296565618,10.061153694851406,0.5661480336062557,15.35398810304338,31
2020-06-28,34.0,164.0,232.0,13.923492317045548,366.0,7.820043630121472,11.062500745049888,0.6639165695302275,17.45204858917353,31
2020-07-04,25.0,148.0,238.0,15.306304910176783,431.0,7.057112544255963,11.348599902249454,0.7298534891068595,20.551456125502163,31
2020-07-13,34.0,229.0,311.0,17.976563710706074,543.0,10.919451166450104,14.829472981510841,0.8571799544962186,25.891973726560728,31
2020-07-20,40.0,255.0,380.0,22.697199804498915,624.0,12.159214180981557,18.11961328930585,1.0822749558095492,29.75431234875487,31
2020-07-28,39.0,326.0,454.0,27.370152705425163,765.0,15.544720874509757,21.648169561433832,1.305096270240927,36.47764254294467,31
2020-08-04,40.0,310.0,468.0,29.18211403435575,848.0,14.781789788644247,22.315734261566153,1.3914963717551347,40.435347550872,31
2020-05-01,6.0,16.0,21.0,1.7097166999428197,31.0,1.0131654518179671,1.329779655511082,0.10826411829864317,1.9630080628973112,32
2020-05-08,8.0,15.0,24.0,1.7730395406814428,39.0,0.9498426110793442,1.5197481777269508,0.11227390045785218,2.4695907888062947,32
2020-05-15,6.0,22.0,28.0,2.2796222665904264,49.0,1.3931024962497047,1.7730395406814425,0.14435215773152424,3.102819196192524,32
2020-05-22,4.0,19.0,29.0,2.279622266590426,53.0,1.203133974033836,1.8363623814200654,0.1443521577315242,3.356110559147016,32
2020-05-31,11.0,25.0,34.0,2.8495278332380325,62.0,1.5830710184655736,2.1529765851131804,0.18044019716440526,3.9260161257946224,32
2020-06-07,5.0,42.0,54.0,3.926016125794622,84.0,2.659559311022164,3.419433399885639,0.24860649387095832,5.319118622044328,32
2020-06-14,13.0,54.0,67.0,5.0025044183512115,100.0,3.419433399885639,4.242630329487738,0.3167727905775114,6.3322840738622945,32
2020-06-21,14.000000000000002,46.0,73.0,5.952347029430555,124.0,2.9128506739766555,4.622567373919475,0.37691952296564646,7.852032251589245,32
2020-06-28,14.000000000000002,56.0,82.0,6.45892975533954,149.0,3.546079081362885,5.1924729405670815,0.40899778023931854,9.43510327005482,32
2020-07-04,22.0,77.0,98.0,7.915355092327866,179.0,4.875858736873967,6.205638392385048,0.5012227699011256,11.334788492213507,32
2020-07-13,19.0,65.0,110.0,9.308457588577568,192.0,4.115984648010492,6.965512481248524,0.5894379774037235,12.157985421815606,32
2020-07-20,26.0,101.0,128.0,10.00500883670242,227.0,6.395606914600918,8.105323614543737,0.6335455811550226,14.37428484766741,32
2020-07-28,42.0,111.0,162.0,12.727890988463201,272.0,7.028835321987147,10.258300199656917,0.8059662140010095,17.223812680905443,32
2020-08-04,43.0,98.0,161.0,13.17115087363356,289.0,6.205638392385048,10.194977358918294,0.8340346891154723,18.300300973462033,32
